{
  "validation": {
    "accuracy": 0.9917883211678832,
    "precision": 0.7391304347826086,
    "recall": 0.85,
    "f1": 0.7906976744186046,
    "roc_auc": 0.9725836431226765
  },
  "test": {
    "accuracy": 0.9945305378304466,
    "precision": 0.9375,
    "recall": 0.75,
    "f1": 0.8333333333333334,
    "roc_auc": 0.9978180129990715
  }
}